id,created_at,amount,category_id,wallet_id,meta
1,1665991212,800.0,19,2,"{""description"":""some"",""duration"":40}"
2,1666011332,3000.0,19,2,"{""description"":""some"",""duration"":40}"
3,1666092255,800.0,19,2,"{""description"":""some"",""duration"":40}"
4,1666092280,50.0,19,2,"{""description"":""some"",""duration"":40}"
5,1666092522,400.0,19,2,"{""description"":""some"",""duration"":40}"
6,1666092603,500.0,19,2,"{""description"":""some"",""duration"":40}"
7,1666099128,1800.0,19,2,"{""description"":""some"",""duration"":40}"
8,1666180623,1000.0,19,2,"{""description"":""some"",""duration"":40}"
9,1666259498,2500.0,19,2,"{""description"":""some"",""duration"":40}"
10,1666342098,1800.0,19,2,"{""description"":""some"",""duration"":40}"
11,1666343577,700.0,19,2,"{""description"":""some"",""duration"":40}"
12,1666436034,3000.0,19,2,"{""description"":""some"",""duration"":40}"
13,1666436046,1500.0,19,2,"{""description"":""some"",""duration"":40}"
14,1666618507,3000.0,19,2,"{""description"":""some"",""duration"":40}"
15,1666618523,800.0,19,2,"{""description"":""some"",""duration"":40}"
16,1666618538,200.0,19,2,"{""description"":""some"",""duration"":40}"
17,1666781099,800.0,19,2,"{""description"":""some"",""duration"":40}"
18,1666781118,100.0,19,2,"{""description"":""some"",""duration"":40}"
19,1666880169,3000.0,19,2,"{""description"":""some"",""duration"":40}"
20,1666880206,200.0,19,2,"{""description"":""some"",""duration"":40}"
21,1666880218,800.0,19,2,"{""description"":""some"",""duration"":40}"
22,1666880234,400.0,19,2,"{""description"":""some"",""duration"":40}"
23,1666880301,500.0,19,2,"{""description"":""some"",""duration"":40}"
24,1666967736,800.0,19,2,"{""description"":""some"",""duration"":40}"
25,1666967754,1800.0,19,2,"{""description"":""some"",""duration"":40}"
26,1666967769,3000.0,19,2,"{""description"":""some"",""duration"":40}"
27,1667039365,500.0,19,2,"{""description"":""some"",""duration"":40}"
28,1667039381,200.0,19,2,"{""description"":""some"",""duration"":40}"
29,1667042456,1800.0,19,2,"{""description"":""some"",""duration"":40}"
30,1667045415,800.0,19,2,"{""description"":""some"",""duration"":40}"
31,1667045434,400.0,19,2,"{""description"":""some"",""duration"":40}"
32,1667220004,500.0,19,2,"{""description"":""some"",""duration"":40}"
33,1667220014,200.0,19,2,"{""description"":""some"",""duration"":40}"
34,1667298931,800.0,19,2,"{""description"":""some"",""duration"":40}"
35,1667298941,800.0,19,2,"{""description"":""some"",""duration"":40}"
36,1667380456,800.0,19,2,"{""description"":""some"",""duration"":40}"
37,1667380467,400.0,19,2,"{""description"":""some"",""duration"":40}"
38,1667395164,3000.0,19,2,"{""description"":""some"",""duration"":40}"
39,1667473802,3000.0,19,2,"{""description"":""some"",""duration"":40}"
40,1667479293,200.0,19,2,"{""description"":""some"",""duration"":40}"
41,1667557832,500.0,19,2,"{""description"":""some"",""duration"":40}"
42,1667557842,500.0,19,2,"{""description"":""some"",""duration"":40}"
43,1667650725,3000.0,19,2,"{""description"":""some"",""duration"":40}"
44,1667930428,800.0,19,2,"{""description"":""some"",""duration"":40}"
45,1667987940,800.0,19,2,"{""description"":""some"",""duration"":40}"
46,1667987957,800.0,19,2,"{""description"":""some"",""duration"":40}"
47,1668002224,800.0,19,2,"{""description"":""some"",""duration"":40}"
48,1668002234,800.0,19,2,"{""description"":""some"",""duration"":40}"
49,1668002245,800.0,19,2,"{""description"":""some"",""duration"":40}"
50,1668064898,4000.0,19,2,"{""description"":""some"",""duration"":40}"
51,1668081047,1800.0,19,2,"{""description"":""some"",""duration"":40}"
52,1668090135,800.0,19,2,"{""description"":""some"",""duration"":40}"
53,1668090156,800.0,19,2,"{""description"":""some"",""duration"":40}"
54,1668090174,800.0,19,2,"{""description"":""some"",""duration"":40}"
55,1668090191,400.0,19,2,"{""description"":""some"",""duration"":40}"
56,1668176260,3000.0,19,2,"{""description"":""some"",""duration"":40}"
57,1668249763,1800.0,19,2,"{""description"":""some"",""duration"":40}"
58,1668249774,200.0,19,2,"{""description"":""some"",""duration"":40}"
59,1668422461,1800.0,19,2,"{""description"":""some"",""duration"":40}"
60,1668424057,800.0,19,2,"{""description"":""some"",""duration"":40}"
61,1668429753,300.0,19,2,"{""description"":""some"",""duration"":40}"
62,1668429903,800.0,19,2,"{""description"":""some"",""duration"":40}"
63,1668429920,400.0,19,2,"{""description"":""some"",""duration"":40}"
64,1668432205,500.0,19,2,"{""description"":""some"",""duration"":40}"
65,1668432218,200.0,19,2,"{""description"":""some"",""duration"":40}"
66,1668501917,800.0,19,2,"{""description"":""some"",""duration"":40}"
67,1668501955,200.0,19,2,"{""description"":""some"",""duration"":40}"
68,1668670998,800.0,19,2,"{""description"":""some"",""duration"":40}"
69,1668683440,1800.0,19,2,"{""description"":""some"",""duration"":40}"
70,1668772715,800.0,19,2,"{""description"":""some"",""duration"":40}"
71,1668889934,800.0,19,2,"{""description"":""some"",""duration"":40}"
72,1668889945,800.0,19,2,"{""description"":""some"",""duration"":40}"
73,1668889959,800.0,19,2,"{""description"":""some"",""duration"":40}"
74,1668889967,200.0,19,2,"{""description"":""some"",""duration"":40}"
75,1668889981,400.0,19,2,"{""description"":""some"",""duration"":40}"
76,1668889999,1800.0,19,2,"{""description"":""some"",""duration"":40}"
77,1669032406,3000.0,19,2,"{""description"":""some"",""duration"":40}"
78,1669032416,800.0,19,2,"{""description"":""some"",""duration"":40}"
79,1669039590,1800.0,19,2,"{""description"":""some"",""duration"":40}"
80,1669039602,500.0,19,2,"{""description"":""some"",""duration"":40}"
81,1669043306,800.0,19,2,"{""description"":""some"",""duration"":40}"
82,1669189532,800.0,19,2,"{""description"":""some"",""duration"":40}"
83,1669189541,800.0,19,2,"{""description"":""some"",""duration"":40}"
84,1669199163,800.0,19,2,"{""description"":""some"",""duration"":40}"
85,1669292359,500.0,19,2,"{""description"":""some"",""duration"":40}"
86,1669292368,200.0,19,2,"{""description"":""some"",""duration"":40}"
87,1669292378,800.0,19,2,"{""description"":""some"",""duration"":40}"
88,1669292398,1800.0,19,2,"{""description"":""some"",""duration"":40}"
89,1669371839,500.0,19,2,"{""description"":""some"",""duration"":40}"
90,1669371848,300.0,19,2,"{""description"":""some"",""duration"":40}"
91,1669371860,800.0,19,2,"{""description"":""some"",""duration"":40}"
92,1669410919,1800.0,19,2,"{""description"":""some"",""duration"":40}"
93,1669410967,400.0,19,2,"{""description"":""some"",""duration"":40}"
94,1669411110,500.0,19,2,"{""description"":""some"",""duration"":40}"
95,1669486955,2000.0,19,2,"{""description"":""some"",""duration"":40}"
96,1669637109,1800.0,19,2,"{""description"":""some"",""duration"":40}"
97,1669637124,200.0,19,2,"{""description"":""some"",""duration"":40}"
98,1669637135,150.0,19,2,"{""description"":""some"",""duration"":40}"
99,1669712508,3000.0,19,2,"{""description"":""some"",""duration"":40}"
100,1669720639,500.0,19,2,"{""description"":""some"",""duration"":40}"
101,1669747477,800.0,19,2,"{""description"":""some"",""duration"":40}"
102,1669813127,800.0,19,2,"{""description"":""some"",""duration"":40}"
103,1669813136,800.0,19,2,"{""description"":""some"",""duration"":40}"
104,1669813151,400.0,19,2,"{""description"":""some"",""duration"":40}"
105,1669813187,2000.0,19,2,"{""description"":""some"",""duration"":40}"
106,1669889997,800.0,19,2,"{""description"":""some"",""duration"":40}"
107,1669890009,5000.0,19,2,"{""description"":""some"",""duration"":40}"
108,1669907717,500.0,19,2,"{""description"":""some"",""duration"":40}"
109,1669907726,800.0,19,2,"{""description"":""some"",""duration"":40}"
110,1669976745,6500.0,19,2,"{""description"":""some"",""duration"":40}"
111,1669976949,1000.0,19,2,"{""description"":""some"",""duration"":40}"
112,1669996768,500.0,19,2,"{""description"":""some"",""duration"":40}"
113,1670067222,3000.0,19,2,"{""description"":""some"",""duration"":40}"
114,1670067231,800.0,19,2,"{""description"":""some"",""duration"":40}"
115,1670067239,800.0,19,2,"{""description"":""some"",""duration"":40}"
116,1670067251,500.0,19,2,"{""description"":""some"",""duration"":40}"
117,1670151315,4500.0,19,2,"{""description"":""some"",""duration"":40}"
118,1670220965,1500.0,19,2,"{""description"":""some"",""duration"":40}"
119,1670228907,700.0,19,2,"{""description"":""some"",""duration"":40}"
120,1670240285,500.0,19,2,"{""description"":""some"",""duration"":40}"
121,1670250803,1000.0,19,2,"{""description"":""some"",""duration"":40}"
122,1670250811,1000.0,19,2,"{""description"":""some"",""duration"":40}"
123,1670250822,1800.0,19,2,"{""description"":""some"",""duration"":40}"
124,1670251121,500.0,19,2,"{""description"":""some"",""duration"":40}"
125,1670259887,3500.0,19,2,"{""description"":""some"",""duration"":40}"
126,1670326583,1800.0,19,2,"{""description"":""some"",""duration"":40}"
127,1670403142,1000.0,19,2,"{""description"":""some"",""duration"":40}"
128,1670506048,1000.0,19,2,"{""description"":""some"",""duration"":40}"
129,1670586024,1000.0,19,2,"{""description"":""some"",""duration"":40}"
130,1670586034,1000.0,19,2,"{""description"":""some"",""duration"":40}"
131,1670586043,500.0,19,2,"{""description"":""some"",""duration"":40}"
132,1670864755,1000.0,19,2,"{""description"":""some"",""duration"":40}"
133,1670864825,400.0,19,2,"{""description"":""some"",""duration"":40}"
134,1670864836,500.0,19,2,"{""description"":""some"",""duration"":40}"
135,1670864848,1000.0,19,2,"{""description"":""some"",""duration"":40}"
136,1670864867,1000.0,19,2,"{""description"":""some"",""duration"":40}"
137,1671450861,1000.0,19,2,"{""description"":""some"",""duration"":40}"
138,1671450877,400.0,19,2,"{""description"":""some"",""duration"":40}"
139,1671450892,2000.0,19,2,"{""description"":""some"",""duration"":40}"
140,1671521885,1800.0,19,2,"{""description"":""some"",""duration"":40}"
141,1671525043,1000.0,19,2,"{""description"":""some"",""duration"":40}"
142,1671528490,1000.0,19,2,"{""description"":""some"",""duration"":40}"
143,1671528845,1000.0,19,2,"{""description"":""some"",""duration"":40}"
144,1671605508,11000.0,19,2,"{""description"":""some"",""duration"":40}"
145,1671702072,1000.0,19,2,"{""description"":""some"",""duration"":40}"
146,1671704433,1000.0,19,2,"{""description"":""some"",""duration"":40}"
147,1671710054,1000.0,19,2,"{""description"":""some"",""duration"":40}"
148,1671710064,500.0,19,2,"{""description"":""some"",""duration"":40}"
149,1671720933,1000.0,19,2,"{""description"":""some"",""duration"":40}"
150,1671798277,1000.0,19,2,"{""description"":""some"",""duration"":40}"
151,1671895489,1500.0,19,2,"{""description"":""some"",""duration"":40}"
152,1671895508,1000.0,19,2,"{""description"":""some"",""duration"":40}"
153,1671895524,3500.0,19,2,"{""description"":""some"",""duration"":40}"
154,1671895540,1000.0,19,2,"{""description"":""some"",""duration"":40}"
155,1671895551,3500.0,19,2,"{""description"":""some"",""duration"":40}"
156,1672043148,500.0,19,2,"{""description"":""some"",""duration"":40}"
157,1672043159,1000.0,19,2,"{""description"":""some"",""duration"":40}"
158,1672043170,700.0,19,2,"{""description"":""some"",""duration"":40}"
159,1672047482,700.0,19,2,"{""description"":""some"",""duration"":40}"
160,1672047501,300.0,19,2,"{""description"":""some"",""duration"":40}"
161,1672061644,1000.0,19,2,"{""description"":""some"",""duration"":40}"
162,1672061653,1800.0,19,2,"{""description"":""some"",""duration"":40}"
163,1672061669,800.0,19,2,"{""description"":""some"",""duration"":40}"
164,1672061683,200.0,19,2,"{""description"":""some"",""duration"":40}"
165,1672061696,1000.0,19,2,"{""description"":""some"",""duration"":40}"
166,1672125296,800.0,19,2,"{""description"":""some"",""duration"":40}"
167,1672125307,1000.0,19,2,"{""description"":""some"",""duration"":40}"
168,1672129676,1000.0,19,2,"{""description"":""some"",""duration"":40}"
169,1672129684,400.0,19,2,"{""description"":""some"",""duration"":40}"
170,1672135200,1000.0,19,2,"{""description"":""some"",""duration"":40}"
171,1672135217,800.0,19,2,"{""description"":""some"",""duration"":40}"
172,1672135227,200.0,19,2,"{""description"":""some"",""duration"":40}"
173,1672141191,2000.0,19,2,"{""description"":""some"",""duration"":40}"
174,1672145495,1000.0,19,2,"{""description"":""some"",""duration"":40}"
175,1672145512,400.0,19,2,"{""description"":""some"",""duration"":40}"
176,1672148170,1000.0,19,2,"{""description"":""some"",""duration"":40}"
177,1672148326,1000.0,19,2,"{""description"":""some"",""duration"":40}"
178,1672218345,1000.0,19,2,"{""description"":""some"",""duration"":40}"
179,1672218353,1000.0,19,2,"{""description"":""some"",""duration"":40}"
180,1672222138,1000.0,19,2,"{""description"":""some"",""duration"":40}"
181,1672227880,1000.0,19,2,"{""description"":""some"",""duration"":40}"
182,1672227938,400.0,19,2,"{""description"":""some"",""duration"":40}"
183,1672234010,700.0,19,2,"{""description"":""some"",""duration"":40}"
184,1672303709,1000.0,19,2,"{""description"":""some"",""duration"":40}"
185,1672308144,800.0,19,2,"{""description"":""some"",""duration"":40}"
186,1672313359,700.0,19,2,"{""description"":""some"",""duration"":40}"
187,1672313377,200.0,19,2,"{""description"":""some"",""duration"":40}"
188,1672318111,1000.0,19,2,"{""description"":""some"",""duration"":40}"
189,1672318132,300.0,19,2,"{""description"":""some"",""duration"":40}"
190,1672320161,1000.0,19,2,"{""description"":""some"",""duration"":40}"
191,1672320172,200.0,19,2,"{""description"":""some"",""duration"":40}"
192,1672326596,700.0,19,2,"{""description"":""some"",""duration"":40}"
193,1672326607,1000.0,19,2,"{""description"":""some"",""duration"":40}"
194,1672326618,200.0,19,2,"{""description"":""some"",""duration"":40}"
195,1672389579,1000.0,19,2,"{""description"":""some"",""duration"":40}"
196,1672393666,1000.0,19,2,"{""description"":""some"",""duration"":40}"
197,1672400309,2000.0,19,2,"{""description"":""some"",""duration"":40}"
198,1672400322,200.0,19,2,"{""description"":""some"",""duration"":40}"
199,1672400406,500.0,19,2,"{""description"":""some"",""duration"":40}"
200,1672405512,1000.0,19,2,"{""description"":""some"",""duration"":40}"
201,1672426125,4500.0,19,2,"{""description"":""some"",""duration"":40}"
202,1673258846,400.0,19,2,"{""description"":""some"",""duration"":40}"
203,1673275425,1000.0,19,2,"{""description"":""some"",""duration"":40}"
204,1673344593,1000.0,19,2,"{""description"":""some"",""duration"":40}"
205,1673344606,1000.0,19,2,"{""description"":""some"",""duration"":40}"
206,1673347846,1000.0,19,2,"{""description"":""some"",""duration"":40}"
207,1673354520,2000.0,19,2,"{""description"":""some"",""duration"":40}"
208,1673602888,20000.0,19,2,"{""description"":""some"",""duration"":40}"
209,1673609998,10.0,19,2,"{""description"":""some"",""duration"":40}"
210,1673610036,1000.0,19,2,"{""description"":""some"",""duration"":40}"
211,1673619701,3500.0,19,2,"{""description"":""some"",""duration"":40}"
212,1673619714,1000.0,19,2,"{""description"":""some"",""duration"":40}"
213,1674038890,1500.0,19,2,"{""description"":""some"",""duration"":40}"
214,1674038898,1000.0,19,2,"{""description"":""some"",""duration"":40}"
215,1674038906,1000.0,19,2,"{""description"":""some"",""duration"":40}"
216,1674124770,1800.0,19,2,"{""description"":""some"",""duration"":40}"
217,1674155991,1000.0,19,2,"{""description"":""some"",""duration"":40}"
218,1674156006,600.0,19,2,"{""description"":""some"",""duration"":40}"
219,1674214709,1000.0,19,2,"{""description"":""some"",""duration"":40}"
220,1674214719,1000.0,19,2,"{""description"":""some"",""duration"":40}"
221,1674214736,500.0,19,2,"{""description"":""some"",""duration"":40}"
222,1674214750,2000.0,19,2,"{""description"":""some"",""duration"":40}"
223,1674379144,1000.0,19,2,"{""description"":""some"",""duration"":40}"
224,1674379158,300.0,19,2,"{""description"":""some"",""duration"":40}"
225,1674471516,2000.0,19,2,"{""description"":""some"",""duration"":40}"
226,1674478214,1000.0,19,2,"{""description"":""some"",""duration"":40}"
227,1674478231,300.0,19,2,"{""description"":""some"",""duration"":40}"
228,1674540208,3000.0,19,2,"{""description"":""some"",""duration"":40}"
229,1674724411,1000.0,19,2,"{""description"":""some"",""duration"":40}"
230,1674997317,700.0,19,2,"{""description"":""some"",""duration"":40}"
231,1674997326,500.0,19,2,"{""description"":""some"",""duration"":40}"
232,1674997343,350.0,19,2,"{""description"":""some"",""duration"":40}"
233,1675022124,1000.0,19,2,"{""description"":""some"",""duration"":40}"
234,1675083832,25000.0,19,2,"{""description"":""some"",""duration"":40}"
235,1675083844,3500.0,19,2,"{""description"":""some"",""duration"":40}"
236,1675083857,2000.0,19,2,"{""description"":""some"",""duration"":40}"
237,1675174989,700.0,19,2,"{""description"":""some"",""duration"":40}"
238,1675175000,1000.0,19,2,"{""description"":""some"",""duration"":40}"
239,1675175017,1800.0,19,2,"{""description"":""some"",""duration"":40}"
240,1675191645,1000.0,19,2,"{""description"":""some"",""duration"":40}"
241,1675345422,1800.0,19,2,"{""description"":""some"",""duration"":40}"
242,1675345429,700.0,19,2,"{""description"":""some"",""duration"":40}"
243,1675509724,900.0,19,2,"{""description"":""some"",""duration"":40}"
244,1675509732,1000.0,19,2,"{""description"":""some"",""duration"":40}"
245,1675510973,10.0,19,2,"{""description"":""some"",""duration"":40}"
246,1675670571,1000.0,19,2,"{""description"":""some"",""duration"":40}"
247,1675670582,1000.0,19,2,"{""description"":""some"",""duration"":40}"
248,1675681184,1000.0,19,2,"{""description"":""some"",""duration"":40}"
249,1675682854,700.0,19,2,"{""description"":""some"",""duration"":40}"
250,1675837827,800.0,19,2,"{""description"":""some"",""duration"":40}"
251,1675843115,1000.0,19,2,"{""description"":""some"",""duration"":40}"
252,1675876971,3000.0,19,2,"{""description"":""some"",""duration"":40}"
253,1675932830,300.0,19,2,"{""description"":""some"",""duration"":40}"
254,1675932839,200.0,19,2,"{""description"":""some"",""duration"":40}"
255,1675944721,1000.0,19,2,"{""description"":""some"",""duration"":40}"
256,1676008329,2000.0,19,2,"{""description"":""some"",""duration"":40}"
257,1676022215,3500.0,19,2,"{""description"":""some"",""duration"":40}"
258,1676034759,3500.0,19,2,"{""description"":""some"",""duration"":40}"
259,1676040413,1700.0,19,2,"{""description"":""some"",""duration"":40}"
260,1676302586,1000.0,19,2,"{""description"":""some"",""duration"":40}"
261,1676304103,3500.0,19,2,"{""description"":""some"",""duration"":40}"
262,1676315047,20000.0,19,2,"{""description"":""some"",""duration"":40}"
263,1676357146,1000.0,19,2,"{""description"":""some"",""duration"":40}"
264,1676372490,1000.0,19,2,"{""description"":""some"",""duration"":40}"
265,1676372490,1000.0,19,2,"{""description"":""some"",""duration"":40}"
266,1676372512,200.0,19,2,"{""description"":""some"",""duration"":40}"
267,1676392182,2200.0,19,2,"{""description"":""some"",""duration"":40}"
268,1676394067,500.0,19,2,"{""description"":""some"",""duration"":40}"
269,1676394084,700.0,19,2,"{""description"":""some"",""duration"":40}"
270,1676394099,300.0,19,2,"{""description"":""some"",""duration"":40}"
271,1676481893,5000.0,19,2,"{""description"":""some"",""duration"":40}"
272,1676714787,1000.0,19,2,"{""description"":""some"",""duration"":40}"
273,1676714802,1000.0,19,2,"{""description"":""some"",""duration"":40}"
274,1676714814,3000.0,19,2,"{""description"":""some"",""duration"":40}"
275,1676714822,1000.0,19,2,"{""description"":""some"",""duration"":40}"
276,1676714831,300.0,19,2,"{""description"":""some"",""duration"":40}"
277,1676809111,500.0,19,2,"{""description"":""some"",""duration"":40}"
278,1676809188,1000.0,19,2,"{""description"":""some"",""duration"":40}"
279,1676809204,300.0,19,2,"{""description"":""some"",""duration"":40}"
280,1676809216,1000.0,19,2,"{""description"":""some"",""duration"":40}"
281,1676809225,300.0,19,2,"{""description"":""some"",""duration"":40}"
282,1676906359,1000.0,19,2,"{""description"":""some"",""duration"":40}"
283,1676906377,500.0,19,2,"{""description"":""some"",""duration"":40}"
284,1676906385,1000.0,19,2,"{""description"":""some"",""duration"":40}"
285,1676906393,300.0,19,2,"{""description"":""some"",""duration"":40}"
286,1676906402,400.0,19,2,"{""description"":""some"",""duration"":40}"
287,1676906415,1800.0,19,2,"{""description"":""some"",""duration"":40}"
288,1676906440,3500.0,19,2,"{""description"":""some"",""duration"":40}"
289,1677261147,1000.0,19,2,"{""description"":""some"",""duration"":40}"
290,1677261159,1800.0,19,2,"{""description"":""some"",""duration"":40}"
291,1677493836,1000.0,19,2,"{""description"":""some"",""duration"":40}"
292,1677524903,3500.0,19,2,"{""description"":""some"",""duration"":40}"
293,1677603379,1000.0,19,2,"{""description"":""some"",""duration"":40}"
294,1677603390,1000.0,19,2,"{""description"":""some"",""duration"":40}"
295,1677909684,1000.0,19,2,"{""description"":""some"",""duration"":40}"
296,1678015228,700.0,19,2,"{""description"":""some"",""duration"":40}"
297,1678119822,3500.0,19,2,"{""description"":""some"",""duration"":40}"
298,1678120298,2000.0,19,2,"{""description"":""some"",""duration"":40}"
299,1678198568,1000.0,19,2,"{""description"":""some"",""duration"":40}"
300,1678198581,500.0,19,2,"{""description"":""some"",""duration"":40}"
301,1678478679,1000.0,19,2,"{""description"":""some"",""duration"":40}"
302,1678527822,1000.0,19,2,"{""description"":""some"",""duration"":40}"
303,1678527834,500.0,19,2,"{""description"":""some"",""duration"":40}"
304,1678532181,2500.0,19,2,"{""description"":""some"",""duration"":40}"
305,1678541402,1000.0,19,2,"{""description"":""some"",""duration"":40}"
306,1678543730,1000.0,19,2,"{""description"":""some"",""duration"":40}"
307,1678717604,3000.0,19,2,"{""description"":""some"",""duration"":40}"
308,1678776984,1000.0,19,2,"{""description"":""some"",""duration"":40}"
309,1678777040,20000.0,19,2,"{""description"":""some"",""duration"":40}"
310,1678787613,700.0,19,2,"{""description"":""some"",""duration"":40}"
311,1678787625,500.0,19,2,"{""description"":""some"",""duration"":40}"
312,1678805199,1000.0,19,2,"{""description"":""some"",""duration"":40}"
313,1678805212,1800.0,19,2,"{""description"":""some"",""duration"":40}"
314,1678805611,700.0,19,2,"{""description"":""some"",""duration"":40}"
315,1678805621,500.0,19,2,"{""description"":""some"",""duration"":40}"
316,1678963626,1000.0,19,2,"{""description"":""some"",""duration"":40}"
317,1678963633,300.0,19,2,"{""description"":""some"",""duration"":40}"
318,1678966411,1000.0,19,2,"{""description"":""some"",""duration"":40}"
319,1679046241,4000.0,19,2,"{""description"":""some"",""duration"":40}"
320,1679056941,1000.0,19,2,"{""description"":""some"",""duration"":40}"
321,1679061998,1000.0,19,2,"{""description"":""some"",""duration"":40}"
322,1679068223,1000.0,19,2,"{""description"":""some"",""duration"":40}"
323,1679153697,14000.0,19,2,"{""description"":""some"",""duration"":40}"
324,1679224295,3000.0,19,2,"{""description"":""some"",""duration"":40}"
325,1679224306,2000.0,19,2,"{""description"":""some"",""duration"":40}"
326,1679224369,1000.0,19,2,"{""description"":""some"",""duration"":40}"
327,1679224422,300.0,19,2,"{""description"":""some"",""duration"":40}"
328,1679224486,700.0,19,2,"{""description"":""some"",""duration"":40}"
329,1679229904,1000.0,19,2,"{""description"":""some"",""duration"":40}"
330,1679229927,300.0,19,2,"{""description"":""some"",""duration"":40}"
331,1679332859,1000.0,19,2,"{""description"":""some"",""duration"":40}"
332,1679332870,3500.0,19,2,"{""description"":""some"",""duration"":40}"
333,1679332903,3500.0,19,2,"{""description"":""some"",""duration"":40}"
334,1679470210,3000.0,19,2,"{""description"":""some"",""duration"":40}"
335,1679470218,1000.0,19,2,"{""description"":""some"",""duration"":40}"
336,1679482021,1000.0,19,2,"{""description"":""some"",""duration"":40}"
337,1679563931,1000.0,19,2,"{""description"":""some"",""duration"":40}"
338,1679571532,1000.0,19,2,"{""description"":""some"",""duration"":40}"
339,1679571545,500.0,19,2,"{""description"":""some"",""duration"":40}"
340,1679571552,1000.0,19,2,"{""description"":""some"",""duration"":40}"
341,1679584622,4000.0,19,2,"{""description"":""some"",""duration"":40}"
342,1679684724,1000.0,19,2,"{""description"":""some"",""duration"":40}"
343,1679941789,3500.0,19,2,"{""description"":""some"",""duration"":40}"
344,1680003956,1000.0,19,2,"{""description"":""some"",""duration"":40}"
345,1680272450,1000.0,19,2,"{""description"":""some"",""duration"":40}"
346,1680272461,1000.0,19,2,"{""description"":""some"",""duration"":40}"
347,1680272470,1000.0,19,2,"{""description"":""some"",""duration"":40}"
348,1680510632,1000.0,19,2,"{""description"":""some"",""duration"":40}"
349,1680510641,300.0,19,2,"{""description"":""some"",""duration"":40}"
350,1680510652,300.0,19,2,"{""description"":""some"",""duration"":40}"
351,1680526841,1000.0,19,2,"{""description"":""some"",""duration"":40}"
352,1680526853,700.0,19,2,"{""description"":""some"",""duration"":40}"
353,1680526865,300.0,19,2,"{""description"":""some"",""duration"":40}"
354,1680526882,3000.0,19,2,"{""description"":""some"",""duration"":40}"
355,1680547813,3500.0,19,2,"{""description"":""some"",""duration"":40}"
356,1680599086,500.0,19,2,"{""description"":""some"",""duration"":40}"
357,1680617464,1000.0,19,2,"{""description"":""some"",""duration"":40}"
358,1680617474,500.0,19,2,"{""description"":""some"",""duration"":40}"
359,1680617495,1000.0,19,2,"{""description"":""some"",""duration"":40}"
360,1680617508,700.0,19,2,"{""description"":""some"",""duration"":40}"
361,1680617519,2500.0,19,2,"{""description"":""some"",""duration"":40}"
362,1680780471,500.0,19,2,"{""description"":""some"",""duration"":40}"
363,1680780485,700.0,19,2,"{""description"":""some"",""duration"":40}"
364,1680780497,200.0,19,2,"{""description"":""some"",""duration"":40}"
365,1680780505,1000.0,19,2,"{""description"":""some"",""duration"":40}"
366,1680801021,800.0,19,2,"{""description"":""some"",""duration"":40}"
367,1680853871,1000.0,19,2,"{""description"":""some"",""duration"":40}"
368,1680869380,15000.0,19,2,"{""description"":""some"",""duration"":40}"
369,1680879812,500.0,19,2,"{""description"":""some"",""duration"":40}"
370,1680879822,1000.0,19,2,"{""description"":""some"",""duration"":40}"
371,1680948931,1000.0,19,2,"{""description"":""some"",""duration"":40}"
372,1680956966,1000.0,19,2,"{""description"":""some"",""duration"":40}"
373,1680957007,3500.0,19,2,"{""description"":""some"",""duration"":40}"
374,1681222689,3500.0,19,2,"{""description"":""some"",""duration"":40}"
375,1681301475,1000.0,19,2,"{""description"":""some"",""duration"":40}"
376,1681301483,1000.0,19,2,"{""description"":""some"",""duration"":40}"
377,1681301495,500.0,19,2,"{""description"":""some"",""duration"":40}"
378,1681314721,1000.0,19,2,"{""description"":""some"",""duration"":40}"
379,1681375795,900.0,19,2,"{""description"":""some"",""duration"":40}"
380,1681381055,1000.0,19,2,"{""description"":""some"",""duration"":40}"
381,1681381063,200.0,19,2,"{""description"":""some"",""duration"":40}"
382,1681381081,700.0,19,2,"{""description"":""some"",""duration"":40}"
383,1681473375,950.0,19,2,"{""description"":""some"",""duration"":40}"
384,1681540834,20000.0,19,2,"{""description"":""some"",""duration"":40}"
385,1681556018,1000.0,19,2,"{""description"":""some"",""duration"":40}"
386,1681556025,300.0,19,2,"{""description"":""some"",""duration"":40}"
387,1681556033,1000.0,19,2,"{""description"":""some"",""duration"":40}"
388,1681559058,300.0,19,2,"{""description"":""some"",""duration"":40}"
389,1681731983,1200.0,19,2,"{""description"":""some"",""duration"":40}"
390,1681731997,3500.0,19,2,"{""description"":""some"",""duration"":40}"
391,1681819763,1000.0,19,2,"{""description"":""some"",""duration"":40}"
392,1681819813,300.0,19,2,"{""description"":""some"",""duration"":40}"
393,1681826833,1800.0,19,2,"{""description"":""some"",""duration"":40}"
394,1681826847,500.0,19,2,"{""description"":""some"",""duration"":40}"
395,1681983885,700.0,19,2,"{""description"":""some"",""duration"":40}"
396,1681983895,100.0,19,2,"{""description"":""some"",""duration"":40}"
397,1681995794,1000.0,19,2,"{""description"":""some"",""duration"":40}"
398,1682099095,500.0,19,2,"{""description"":""some"",""duration"":40}"
399,1682156794,1000.0,19,2,"{""description"":""some"",""duration"":40}"
400,1682572414,700.0,19,2,"{""description"":""some"",""duration"":40}"
401,1682572431,4000.0,19,2,"{""description"":""some"",""duration"":40}"
402,1682590229,1000.0,19,2,"{""description"":""some"",""duration"":40}"
403,1682590238,1000.0,19,2,"{""description"":""some"",""duration"":40}"
404,1682741765,500.0,19,2,"{""description"":""some"",""duration"":40}"
405,1682748977,3000.0,19,2,"{""description"":""some"",""duration"":40}"
406,1682748989,1000.0,19,2,"{""description"":""some"",""duration"":40}"
407,1682764243,1000.0,19,2,"{""description"":""some"",""duration"":40}"
408,1682764252,1000.0,19,2,"{""description"":""some"",""duration"":40}"
409,1682764265,300.0,19,2,"{""description"":""some"",""duration"":40}"
410,1682771152,1800.0,19,2,"{""description"":""some"",""duration"":40}"
411,1682771163,700.0,19,2,"{""description"":""some"",""duration"":40}"
412,1682773862,1000.0,19,2,"{""description"":""some"",""duration"":40}"
413,1683059696,10.0,19,2,"{""description"":""some"",""duration"":40}"
414,1683107172,1000.0,19,2,"{""description"":""some"",""duration"":40}"
415,1683113552,3000.0,19,2,"{""description"":""some"",""duration"":40}"
416,1683113563,1000.0,19,2,"{""description"":""some"",""duration"":40}"
417,1683124134,1000.0,19,2,"{""description"":""some"",""duration"":40}"
418,1683269852,800.0,19,2,"{""description"":""some"",""duration"":40}"
419,1683271255,700.0,19,2,"{""description"":""some"",""duration"":40}"
420,1683543424,1000.0,19,2,"{""description"":""some"",""duration"":40}"
421,1683554211,1000.0,19,2,"{""description"":""some"",""duration"":40}"
422,1683554224,300.0,19,2,"{""description"":""some"",""duration"":40}"
423,1683554236,1000.0,19,2,"{""description"":""some"",""duration"":40}"
424,1683554246,300.0,19,2,"{""description"":""some"",""duration"":40}"
425,1683557465,1000.0,19,2,"{""description"":""some"",""duration"":40}"
426,1683557477,350.0,19,2,"{""description"":""some"",""duration"":40}"
427,1683798328,1000.0,19,2,"{""description"":""some"",""duration"":40}"
428,1683798341,300.0,19,2,"{""description"":""some"",""duration"":40}"
429,1683798351,1000.0,19,2,"{""description"":""some"",""duration"":40}"
430,1683809307,1000.0,19,2,"{""description"":""some"",""duration"":40}"
431,1683809323,500.0,19,2,"{""description"":""some"",""duration"":40}"
432,1683809336,1000.0,19,2,"{""description"":""some"",""duration"":40}"
433,1684063474,700.0,19,2,"{""description"":""some"",""duration"":40}"
434,1684063508,300.0,19,2,"{""description"":""some"",""duration"":40}"
435,1684063533,2500.0,19,2,"{""description"":""some"",""duration"":40}"
436,1684068697,1000.0,19,2,"{""description"":""some"",""duration"":40}"
437,1684068708,300.0,19,2,"{""description"":""some"",""duration"":40}"
438,1684068723,2000.0,19,2,"{""description"":""some"",""duration"":40}"
439,1684068929,300.0,19,2,"{""description"":""some"",""duration"":40}"
440,1684142246,20000.0,19,2,"{""description"":""some"",""duration"":40}"
441,1684159623,10000.0,19,2,"{""description"":""some"",""duration"":40}"
442,1684159658,700.0,19,2,"{""description"":""some"",""duration"":40}"
443,1684234591,1000.0,19,2,"{""description"":""some"",""duration"":40}"
444,1684255447,1000.0,19,2,"{""description"":""some"",""duration"":40}"
445,1684255459,1000.0,19,2,"{""description"":""some"",""duration"":40}"
446,1684416481,1000.0,19,2,"{""description"":""some"",""duration"":40}"
447,1684423281,3500.0,19,2,"{""description"":""some"",""duration"":40}"
448,1684427403,1000.0,19,2,"{""description"":""some"",""duration"":40}"
449,1684507089,1000.0,19,2,"{""description"":""some"",""duration"":40}"
450,1684510171,2250.0,19,2,"{""description"":""some"",""duration"":40}"
451,1684515734,1000.0,19,2,"{""description"":""some"",""duration"":40}"
452,1684515742,1000.0,19,2,"{""description"":""some"",""duration"":40}"
453,1684515753,300.0,19,2,"{""description"":""some"",""duration"":40}"
454,1684581869,1000.0,19,2,"{""description"":""some"",""duration"":40}"
455,1684581878,300.0,19,2,"{""description"":""some"",""duration"":40}"
456,1684659380,1000.0,19,2,"{""description"":""some"",""duration"":40}"
457,1684659387,1000.0,19,2,"{""description"":""some"",""duration"":40}"
458,1684659400,300.0,19,2,"{""description"":""some"",""duration"":40}"
459,1684659410,1500.0,19,2,"{""description"":""some"",""duration"":40}"
460,1684659418,3000.0,19,2,"{""description"":""some"",""duration"":40}"
461,1684662528,500.0,19,2,"{""description"":""some"",""duration"":40}"
462,1684745403,1000.0,19,2,"{""description"":""some"",""duration"":40}"
463,1684844953,1000.0,19,2,"{""description"":""some"",""duration"":40}"
464,1684919223,1000.0,19,2,"{""description"":""some"",""duration"":40}"
465,1684919232,700.0,19,2,"{""description"":""some"",""duration"":40}"
466,1685251726,1000.0,19,2,"{""description"":""some"",""duration"":40}"
467,1685251726,1800.0,19,2,"{""description"":""some"",""duration"":40}"
468,1685251726,700.0,19,2,"{""description"":""some"",""duration"":40}"
469,1685495439,1000.0,19,2,"{""description"":""some"",""duration"":40}"
470,1685495439,700.0,19,2,"{""description"":""some"",""duration"":40}"
471,1685495439,1000.0,19,2,"{""description"":""some"",""duration"":40}"
472,1685495439,300.0,19,2,"{""description"":""some"",""duration"":40}"
473,1685625474,1000.0,19,2,"{""description"":""some"",""duration"":40}"
474,1685625474,200.0,19,2,"{""description"":""some"",""duration"":40}"
475,1685625474,1000.0,19,2,"{""description"":""some"",""duration"":40}"
476,1685625474,300.0,19,2,"{""description"":""some"",""duration"":40}"
477,1685625474,1000.0,19,2,"{""description"":""some"",""duration"":40}"
478,1685625474,1000.0,19,2,"{""description"":""some"",""duration"":40}"
479,1685625474,700.0,19,2,"{""description"":""some"",""duration"":40}"
480,1685625474,1000.0,19,2,"{""description"":""some"",""duration"":40}"
481,1685625474,1800.0,19,2,"{""description"":""some"",""duration"":40}"
482,1685625474,700.0,19,2,"{""description"":""some"",""duration"":40}"
483,1685625474,1000.0,19,2,"{""description"":""some"",""duration"":40}"
484,1685625474,3500.0,19,2,"{""description"":""some"",""duration"":40}"
485,1685625474,3000.0,19,2,"{""description"":""some"",""duration"":40}"
486,1685625474,3000.0,19,2,"{""description"":""some"",""duration"":40}"
487,1685993343,4000.0,19,2,"{""description"":""some"",""duration"":40}"
488,1686060913,1000.0,19,2,"{""description"":""some"",""duration"":40}"
489,1686060926,440.0,19,2,"{""description"":""some"",""duration"":40}"
490,1686060950,3500.0,19,2,"{""description"":""some"",""duration"":40}"
491,1686072609,1000.0,19,2,"{""description"":""some"",""duration"":40}"
492,1686072620,500.0,19,2,"{""description"":""some"",""duration"":40}"
493,1686142826,1800.0,19,2,"{""description"":""some"",""duration"":40}"
494,1686142837,200.0,19,2,"{""description"":""some"",""duration"":40}"
495,1686142846,1000.0,19,2,"{""description"":""some"",""duration"":40}"
496,1686142855,1000.0,19,2,"{""description"":""some"",""duration"":40}"
497,1686231940,1000.0,19,2,"{""description"":""some"",""duration"":40}"
498,1686231949,1000.0,19,2,"{""description"":""some"",""duration"":40}"
499,1686231956,1000.0,19,2,"{""description"":""some"",""duration"":40}"
500,1686231974,0.0,19,2,"{""description"":""some"",""duration"":40}"
501,1686296670,1000.0,19,2,"{""description"":""some"",""duration"":40}"
502,1686316196,1000.0,19,2,"{""description"":""some"",""duration"":40}"
503,1686316218,200.0,19,2,"{""description"":""some"",""duration"":40}"
504,1686316226,1000.0,19,2,"{""description"":""some"",""duration"":40}"
505,1686316234,500.0,19,2,"{""description"":""some"",""duration"":40}"
506,1686842773,15000.0,19,2,"{""description"":""some"",""duration"":40}"
507,1686849138,20000.0,19,2,"{""description"":""some"",""duration"":40}"
508,1686905957,1000.0,19,2,"{""description"":""some"",""duration"":40}"
509,1686905987,500.0,19,2,"{""description"":""some"",""duration"":40}"
510,1686993942,1000.0,19,2,"{""description"":""some"",""duration"":40}"
511,1687510179,1000.0,19,2,"{""description"":""some"",""duration"":40}"
512,1687510190,500.0,19,2,"{""description"":""some"",""duration"":40}"
513,1687510198,1000.0,19,2,"{""description"":""some"",""duration"":40}"
514,1687528818,700.0,19,2,"{""description"":""some"",""duration"":40}"
515,1687528830,1000.0,19,2,"{""description"":""some"",""duration"":40}"
516,1687528844,1000.0,19,2,"{""description"":""some"",""duration"":40}"
517,1687531541,700.0,19,2,"{""description"":""some"",""duration"":40}"
518,1687607686,1500.0,19,2,"{""description"":""some"",""duration"":40}"
519,1687607697,1000.0,19,2,"{""description"":""some"",""duration"":40}"
520,1687607707,300.0,19,2,"{""description"":""some"",""duration"":40}"
521,1687622885,1000.0,19,2,"{""description"":""some"",""duration"":40}"
522,1687622896,300.0,19,2,"{""description"":""some"",""duration"":40}"
523,1687776852,3500.0,19,2,"{""description"":""some"",""duration"":40}"
524,1687776866,800.0,19,2,"{""description"":""some"",""duration"":40}"
525,1687776883,1500.0,19,2,"{""description"":""some"",""duration"":40}"
526,1687786827,3000.0,19,2,"{""description"":""some"",""duration"":40}"
527,1687786836,3000.0,19,2,"{""description"":""some"",""duration"":40}"
528,1687901328,1000.0,19,2,"{""description"":""some"",""duration"":40}"
529,1687939090,1000.0,19,2,"{""description"":""some"",""duration"":40}"
530,1687961907,1000.0,19,2,"{""description"":""some"",""duration"":40}"
531,1688055227,3500.0,19,2,"{""description"":""some"",""duration"":40}"
532,1688203080,1800.0,19,2,"{""description"":""some"",""duration"":40}"
533,1688203088,500.0,19,2,"{""description"":""some"",""duration"":40}"
534,1688212129,1000.0,19,2,"{""description"":""some"",""duration"":40}"
535,1688212138,500.0,19,2,"{""description"":""some"",""duration"":40}"
536,1688212669,300.0,19,2,"{""description"":""some"",""duration"":40}"
537,1688377745,1000.0,19,2,"{""description"":""some"",""duration"":40}"
538,1688377763,1000.0,19,2,"{""description"":""some"",""duration"":40}"
539,1688730464,1000.0,19,2,"{""description"":""some"",""duration"":40}"
540,1688730473,1800.0,19,2,"{""description"":""some"",""duration"":40}"
541,1688805023,4500.0,19,2,"{""description"":""some"",""duration"":40}"
542,1688808683,1000.0,19,2,"{""description"":""some"",""duration"":40}"
543,1689180206,1000.0,19,2,"{""description"":""some"",""duration"":40}"
544,1689237819,3000.0,19,2,"{""description"":""some"",""duration"":40}"
545,1689254432,1000.0,19,2,"{""description"":""some"",""duration"":40}"
546,1689254441,1000.0,19,2,"{""description"":""some"",""duration"":40}"
547,1689254450,1000.0,19,2,"{""description"":""some"",""duration"":40}"
548,1689325295,1500.0,19,2,"{""description"":""some"",""duration"":40}"
549,1689325307,1500.0,19,2,"{""description"":""some"",""duration"":40}"
550,1689590069,1100.0,19,2,"{""description"":""some"",""duration"":40}"
551,1689590089,500.0,19,2,"{""description"":""some"",""duration"":40}"
552,1689590097,1000.0,19,2,"{""description"":""some"",""duration"":40}"
553,1689681790,1000.0,19,2,"{""description"":""some"",""duration"":40}"
554,1689913856,1000.0,19,2,"{""description"":""some"",""duration"":40}"
555,1689913865,1000.0,19,2,"{""description"":""some"",""duration"":40}"
556,1689913877,2000.0,19,2,"{""description"":""some"",""duration"":40}"
557,1689948414,1000.0,19,2,"{""description"":""some"",""duration"":40}"
558,1689948424,500.0,19,2,"{""description"":""some"",""duration"":40}"
559,1689948440,1000.0,19,2,"{""description"":""some"",""duration"":40}"
560,1689948452,1300.0,19,2,"{""description"":""some"",""duration"":40}"
561,1689948469,1300.0,19,2,"{""description"":""some"",""duration"":40}"
562,1690029025,1300.0,19,2,"{""description"":""some"",""duration"":40}"
563,1690029038,1300.0,19,2,"{""description"":""some"",""duration"":40}"
564,1690029045,1000.0,19,2,"{""description"":""some"",""duration"":40}"
565,1690120357,3500.0,19,2,"{""description"":""some"",""duration"":40}"
566,1690120374,4500.0,19,2,"{""description"":""some"",""duration"":40}"
567,1690211540,1300.0,19,2,"{""description"":""some"",""duration"":40}"
568,1690271007,1000.0,19,2,"{""description"":""some"",""duration"":40}"
569,1690471407,700.0,19,2,"{""description"":""some"",""duration"":40}"
570,1690546782,2000.0,19,2,"{""description"":""some"",""duration"":40}"
571,1690618437,1800.0,19,2,"{""description"":""some"",""duration"":40}"
572,1691056244,1000.0,19,2,"{""description"":""some"",""duration"":40}"
573,1691061626,1000.0,19,2,"{""description"":""some"",""duration"":40}"
574,1691061644,500.0,19,2,"{""description"":""some"",""duration"":40}"
575,1691061658,800.0,19,2,"{""description"":""some"",""duration"":40}"
576,1691067178,1000.0,19,2,"{""description"":""some"",""duration"":40}"
577,1691145984,800.0,19,2,"{""description"":""some"",""duration"":40}"
578,1691155256,1000.0,19,2,"{""description"":""some"",""duration"":40}"
579,1691155268,1000.0,19,2,"{""description"":""some"",""duration"":40}"
580,1691155286,300.0,19,2,"{""description"":""some"",""duration"":40}"
581,1691228808,2000.0,19,2,"{""description"":""some"",""duration"":40}"
582,1691325700,2500.0,19,2,"{""description"":""some"",""duration"":40}"
583,1691423922,500.0,19,2,"{""description"":""some"",""duration"":40}"
584,1691568834,1000.0,19,2,"{""description"":""some"",""duration"":40}"
585,1691568841,1000.0,19,2,"{""description"":""some"",""duration"":40}"
586,1691568853,2000.0,19,2,"{""description"":""some"",""duration"":40}"
587,1691659838,1000.0,19,2,"{""description"":""some"",""duration"":40}"
588,1691742970,6000.0,19,2,"{""description"":""some"",""duration"":40}"
589,1691750551,1800.0,19,2,"{""description"":""some"",""duration"":40}"
590,1691750567,700.0,19,2,"{""description"":""some"",""duration"":40}"
591,1691836061,1500.0,19,2,"{""description"":""some"",""duration"":40}"
592,1691836133,1000.0,19,2,"{""description"":""some"",""duration"":40}"
593,1691836142,200.0,19,2,"{""description"":""some"",""duration"":40}"
594,1691838372,1000.0,19,2,"{""description"":""some"",""duration"":40}"
595,1691838383,500.0,19,2,"{""description"":""some"",""duration"":40}"
596,1691849545,1000.0,19,2,"{""description"":""some"",""duration"":40}"
597,1691849552,1000.0,19,2,"{""description"":""some"",""duration"":40}"
598,1691849570,500.0,19,2,"{""description"":""some"",""duration"":40}"
599,1691851915,1000.0,19,2,"{""description"":""some"",""duration"":40}"
600,1691856926,1000.0,19,2,"{""description"":""some"",""duration"":40}"
601,1691913765,1000.0,19,2,"{""description"":""some"",""duration"":40}"
602,1692017490,700.0,19,2,"{""description"":""some"",""duration"":40}"
603,1692108560,1000.0,19,2,"{""description"":""some"",""duration"":40}"
604,1692108571,2000.0,19,2,"{""description"":""some"",""duration"":40}"
605,1692178948,1000.0,19,2,"{""description"":""some"",""duration"":40}"
606,1692178964,500.0,19,2,"{""description"":""some"",""duration"":40}"
607,1692184222,3000.0,19,2,"{""description"":""some"",""duration"":40}"
608,1692277211,700.0,19,2,"{""description"":""some"",""duration"":40}"
609,1692277236,200.0,19,2,"{""description"":""some"",""duration"":40}"
610,1692277257,900.0,19,2,"{""description"":""some"",""duration"":40}"
611,1692277279,2000.0,19,2,"{""description"":""some"",""duration"":40}"
612,1692277294,600.0,19,2,"{""description"":""some"",""duration"":40}"
613,1692277318,2000.0,19,2,"{""description"":""some"",""duration"":40}"
614,1692280467,1000.0,19,2,"{""description"":""some"",""duration"":40}"
615,1692280484,300.0,19,2,"{""description"":""some"",""duration"":40}"
616,1692289428,1000.0,19,2,"{""description"":""some"",""duration"":40}"
617,1692441584,1000.0,19,2,"{""description"":""some"",""duration"":40}"
618,1692447214,2000.0,19,2,"{""description"":""some"",""duration"":40}"
619,1692447222,1000.0,19,2,"{""description"":""some"",""duration"":40}"
620,1692447238,500.0,19,2,"{""description"":""some"",""duration"":40}"
621,1692524397,1000.0,19,2,"{""description"":""some"",""duration"":40}"
622,1692531489,700.0,19,2,"{""description"":""some"",""duration"":40}"
623,1692531649,500.0,19,2,"{""description"":""some"",""duration"":40}"
624,1692531657,900.0,19,2,"{""description"":""some"",""duration"":40}"
625,1692603771,1000.0,19,2,"{""description"":""some"",""duration"":40}"
626,1692618584,600.0,19,2,"{""description"":""some"",""duration"":40}"
627,1692618591,500.0,19,2,"{""description"":""some"",""duration"":40}"
628,1692618599,700.0,19,2,"{""description"":""some"",""duration"":40}"
629,1692806265,2000.0,19,2,"{""description"":""some"",""duration"":40}"
630,1692866389,1000.0,19,2,"{""description"":""some"",""duration"":40}"
631,1692866397,1000.0,19,2,"{""description"":""some"",""duration"":40}"
632,1692866408,1000.0,19,2,"{""description"":""some"",""duration"":40}"
633,1692870155,1000.0,19,2,"{""description"":""some"",""duration"":40}"
634,1692870166,500.0,19,2,"{""description"":""some"",""duration"":40}"
635,1692967112,1000.0,19,2,"{""description"":""some"",""duration"":40}"
636,1692967127,300.0,19,2,"{""description"":""some"",""duration"":40}"
637,1692971743,1000.0,19,2,"{""description"":""some"",""duration"":40}"
638,1692971762,500.0,19,2,"{""description"":""some"",""duration"":40}"
639,1692971780,500.0,19,2,"{""description"":""some"",""duration"":40}"
640,1692971791,1000.0,19,2,"{""description"":""some"",""duration"":40}"
641,1692971826,500.0,19,2,"{""description"":""some"",""duration"":40}"
642,1692971834,300.0,19,2,"{""description"":""some"",""duration"":40}"
643,1692974608,1000.0,19,2,"{""description"":""some"",""duration"":40}"
644,1693036293,1000.0,19,2,"{""description"":""some"",""duration"":40}"
645,1693036306,500.0,19,2,"{""description"":""some"",""duration"":40}"
646,1693040042,1000.0,19,2,"{""description"":""some"",""duration"":40}"
647,1693043292,1000.0,19,2,"{""description"":""some"",""duration"":40}"
648,1693043300,500.0,19,2,"{""description"":""some"",""duration"":40}"
649,1693226064,2000.0,19,2,"{""description"":""some"",""duration"":40}"
650,1693226076,700.0,19,2,"{""description"":""some"",""duration"":40}"
651,1693226086,300.0,19,2,"{""description"":""some"",""duration"":40}"
652,1693226117,2000.0,19,2,"{""description"":""some"",""duration"":40}"
653,1693303885,1000.0,19,2,"{""description"":""some"",""duration"":40}"
654,1693303893,1000.0,19,2,"{""description"":""some"",""duration"":40}"
655,1693385143,1000.0,19,2,"{""description"":""some"",""duration"":40}"
656,1693385155,300.0,19,2,"{""description"":""some"",""duration"":40}"
657,1693385176,500.0,19,2,"{""description"":""some"",""duration"":40}"
658,1693483053,600.0,19,2,"{""description"":""some"",""duration"":40}"
659,1693483065,700.0,19,2,"{""description"":""some"",""duration"":40}"
660,1693483081,500.0,19,2,"{""description"":""some"",""duration"":40}"
661,1693572936,1000.0,19,2,"{""description"":""some"",""duration"":40}"
662,1693578938,1000.0,19,2,"{""description"":""some"",""duration"":40}"
663,1693641451,1000.0,19,2,"{""description"":""some"",""duration"":40}"
664,1693641462,300.0,19,2,"{""description"":""some"",""duration"":40}"
665,1693657446,2000.0,19,2,"{""description"":""some"",""duration"":40}"
666,1693657467,2000.0,19,2,"{""description"":""some"",""duration"":40}"
667,1693850745,1000.0,19,2,"{""description"":""some"",""duration"":40}"
668,1693850758,1500.0,19,2,"{""description"":""some"",""duration"":40}"
669,1693985700,500.0,19,2,"{""description"":""some"",""duration"":40}"
670,1694018421,500.0,19,2,"{""description"":""some"",""duration"":40}"
671,1694087017,1000.0,19,2,"{""description"":""some"",""duration"":40}"
672,1694087028,500.0,19,2,"{""description"":""some"",""duration"":40}"
673,1694180430,1000.0,19,2,"{""description"":""some"",""duration"":40}"
674,1694260565,1000.0,19,2,"{""description"":""some"",""duration"":40}"
675,1694260574,500.0,19,2,"{""description"":""some"",""duration"":40}"
676,1694268371,1000.0,19,2,"{""description"":""some"",""duration"":40}"
677,1694425420,1000.0,19,2,"{""description"":""some"",""duration"":40}"
678,1694425434,2000.0,19,2,"{""description"":""some"",""duration"":40}"
679,1694437840,1000.0,19,2,"{""description"":""some"",""duration"":40}"
680,1694595492,1500.0,19,2,"{""description"":""some"",""duration"":40}"
681,1694607612,1000.0,19,2,"{""description"":""some"",""duration"":40}"
682,1694611951,1000.0,19,2,"{""description"":""some"",""duration"":40}"
683,1694689945,3500.0,19,2,"{""description"":""some"",""duration"":40}"
684,1695030060,1000.0,19,2,"{""description"":""some"",""duration"":40}"
685,1695044951,2000.0,19,2,"{""description"":""some"",""duration"":40}"
686,1695115942,1000.0,19,2,"{""description"":""some"",""duration"":40}"
687,1695126728,2000.0,19,2,"{""description"":""some"",""duration"":40}"
688,1695131546,1000.0,19,2,"{""description"":""some"",""duration"":40}"
689,1695131557,500.0,19,2,"{""description"":""some"",""duration"":40}"
690,1695131566,1000.0,19,2,"{""description"":""some"",""duration"":40}"
691,1695133639,1000.0,19,2,"{""description"":""some"",""duration"":40}"
692,1695204170,1000.0,19,2,"{""description"":""some"",""duration"":40}"
693,1695208128,1000.0,19,2,"{""description"":""some"",""duration"":40}"
694,1695208140,1000.0,19,2,"{""description"":""some"",""duration"":40}"
695,1695208152,300.0,19,2,"{""description"":""some"",""duration"":40}"
696,1695213265,1000.0,19,2,"{""description"":""some"",""duration"":40}"
697,1695213275,300.0,19,2,"{""description"":""some"",""duration"":40}"
698,1695226073,900.0,19,2,"{""description"":""some"",""duration"":40}"
699,1695369878,3000.0,19,2,"{""description"":""some"",""duration"":40}"
700,1695447410,1000.0,19,2,"{""description"":""some"",""duration"":40}"
701,1695447420,300.0,19,2,"{""description"":""some"",""duration"":40}"
702,1695462527,1000.0,19,2,"{""description"":""some"",""duration"":40}"
703,1695542006,4500.0,19,2,"{""description"":""some"",""duration"":40}"
704,1695724915,1000.0,19,2,"{""description"":""some"",""duration"":40}"
705,1695724929,300.0,19,2,"{""description"":""some"",""duration"":40}"
706,1695724960,1000.0,19,2,"{""description"":""some"",""duration"":40}"
707,1695724970,1000.0,19,2,"{""description"":""some"",""duration"":40}"
708,1695812407,1000.0,19,2,"{""description"":""some"",""duration"":40}"
709,1695977012,2000.0,19,2,"{""description"":""some"",""duration"":40}"
710,1695977084,1000.0,19,2,"{""description"":""some"",""duration"":40}"
711,1695977099,500.0,19,2,"{""description"":""some"",""duration"":40}"
712,1695978463,700.0,19,2,"{""description"":""some"",""duration"":40}"
713,1695989760,3000.0,19,2,"{""description"":""some"",""duration"":40}"
714,1695994538,2000.0,19,2,"{""description"":""some"",""duration"":40}"
715,1696064713,1000.0,19,2,"{""description"":""some"",""duration"":40}"
716,1696064725,700.0,19,2,"{""description"":""some"",""duration"":40}"
717,1696064734,500.0,19,2,"{""description"":""some"",""duration"":40}"
718,1696237522,2000.0,19,2,"{""description"":""some"",""duration"":40}"
719,1696237537,700.0,19,2,"{""description"":""some"",""duration"":40}"
720,1696409137,1000.0,19,2,"{""description"":""some"",""duration"":40}"
721,1696413405,1000.0,19,2,"{""description"":""some"",""duration"":40}"
722,1696413414,300.0,19,2,"{""description"":""some"",""duration"":40}"
723,1696419260,700.0,19,2,"{""description"":""some"",""duration"":40}"
724,1696419270,500.0,19,2,"{""description"":""some"",""duration"":40}"
725,1696498224,3500.0,19,2,"{""description"":""some"",""duration"":40}"
726,1696512272,600.0,19,2,"{""description"":""some"",""duration"":40}"
727,1696512306,600.0,19,2,"{""description"":""some"",""duration"":40}"
728,1696512314,1000.0,19,2,"{""description"":""some"",""duration"":40}"
729,1696584198,2000.0,19,2,"{""description"":""some"",""duration"":40}"
730,1696602696,2000.0,19,2,"{""description"":""some"",""duration"":40}"
731,1696763281,3000.0,19,2,"{""description"":""some"",""duration"":40}"
732,1696842215,1000.0,19,2,"{""description"":""some"",""duration"":40}"
733,1696842227,500.0,19,2,"{""description"":""some"",""duration"":40}"
734,1696863818,1000.0,19,2,"{""description"":""some"",""duration"":40}"
735,1696951368,2000.0,19,2,"{""description"":""some"",""duration"":40}"
736,1697016706,1000.0,19,2,"{""description"":""some"",""duration"":40}"
737,1697026949,2000.0,19,2,"{""description"":""some"",""duration"":40}"
738,1697193136,800.0,19,2,"{""description"":""some"",""duration"":40}"
739,1697193145,1000.0,19,2,"{""description"":""some"",""duration"":40}"
740,1697193156,500.0,19,2,"{""description"":""some"",""duration"":40}"
741,1697200701,2000.0,19,2,"{""description"":""some"",""duration"":40}"
742,1697200711,1000.0,19,2,"{""description"":""some"",""duration"":40}"
743,1697204569,1000.0,19,2,"{""description"":""some"",""duration"":40}"
744,1697446745,2000.0,19,2,"{""description"":""some"",""duration"":40}"
745,1697446756,300.0,19,2,"{""description"":""some"",""duration"":40}"
746,1697446765,1000.0,19,2,"{""description"":""some"",""duration"":40}"
747,1697618988,1000.0,19,2,"{""description"":""some"",""duration"":40}"
748,1697631857,1000.0,19,2,"{""description"":""some"",""duration"":40}"
749,1697708072,1000.0,19,2,"{""description"":""some"",""duration"":40}"
750,1697708180,1000.0,19,2,"{""description"":""some"",""duration"":40}"
751,1697708189,1300.0,19,2,"{""description"":""some"",""duration"":40}"
752,1697799272,20000.0,19,2,"{""description"":""some"",""duration"":40}"
753,1697799287,1000.0,19,2,"{""description"":""some"",""duration"":40}"
754,1698042003,2000.0,19,2,"{""description"":""some"",""duration"":40}"
755,1698042014,1000.0,19,2,"{""description"":""some"",""duration"":40}"
756,1698064325,1000.0,19,2,"{""description"":""some"",""duration"":40}"
757,1698069302,2000.0,19,2,"{""description"":""some"",""duration"":40}"
758,1698073704,1000.0,19,2,"{""description"":""some"",""duration"":40}"
759,1698073712,1000.0,19,2,"{""description"":""some"",""duration"":40}"
760,1698132322,3000.0,19,2,"{""description"":""some"",""duration"":40}"
761,1698132335,1000.0,19,2,"{""description"":""some"",""duration"":40}"
762,1698132352,500.0,19,2,"{""description"":""some"",""duration"":40}"
763,1698232445,1000.0,19,2,"{""description"":""some"",""duration"":40}"
764,1698232455,1000.0,19,2,"{""description"":""some"",""duration"":40}"
765,1698232465,500.0,19,2,"{""description"":""some"",""duration"":40}"
766,1698233758,700.0,19,2,"{""description"":""some"",""duration"":40}"
767,1698493234,1000.0,19,2,"{""description"":""some"",""duration"":40}"
768,1698493243,2000.0,19,2,"{""description"":""some"",""duration"":40}"
769,1698497541,1000.0,19,2,"{""description"":""some"",""duration"":40}"
770,1698501209,1000.0,19,2,"{""description"":""some"",""duration"":40}"
771,1698572939,5000.0,19,2,"{""description"":""some"",""duration"":40}"
772,1698831768,1000.0,19,2,"{""description"":""some"",""duration"":40}"
773,1698864277,2000.0,19,2,"{""description"":""some"",""duration"":40}"
774,1699270941,1000.0,19,2,"{""description"":""some"",""duration"":40}"
775,1699270965,2000.0,19,2,"{""description"":""some"",""duration"":40}"
776,1699270982,300.0,19,2,"{""description"":""some"",""duration"":40}"
777,1699270993,1000.0,19,2,"{""description"":""some"",""duration"":40}"
778,1699271062,700.0,19,2,"{""description"":""some"",""duration"":40}"
779,1699345725,1000.0,19,2,"{""description"":""some"",""duration"":40}"
780,1699364573,1000.0,19,2,"{""description"":""some"",""duration"":40}"
781,1699436162,1000.0,19,2,"{""description"":""some"",""duration"":40}"
782,1699444375,1000.0,19,2,"{""description"":""some"",""duration"":40}"
783,1699444389,500.0,19,2,"{""description"":""some"",""duration"":40}"
784,1699642609,2000.0,19,2,"{""description"":""some"",""duration"":40}"
785,1699642619,1000.0,19,2,"{""description"":""some"",""duration"":40}"
786,1700038094,1000.0,19,2,"{""description"":""some"",""duration"":40}"
787,1700038107,2000.0,19,2,"{""description"":""some"",""duration"":40}"
788,1700042242,1000.0,19,2,"{""description"":""some"",""duration"":40}"
789,1700042256,1000.0,19,2,"{""description"":""some"",""duration"":40}"
790,1700042267,1000.0,19,2,"{""description"":""some"",""duration"":40}"
791,1700056633,1000.0,19,2,"{""description"":""some"",""duration"":40}"
792,1700056654,300.0,19,2,"{""description"":""some"",""duration"":40}"
793,1700056664,1000.0,19,2,"{""description"":""some"",""duration"":40}"
794,1700205890,700.0,19,2,"{""description"":""some"",""duration"":40}"
795,1700229914,3500.0,19,2,"{""description"":""some"",""duration"":40}"
796,1700565540,20000.0,19,2,"{""description"":""some"",""duration"":40}"
797,1700565558,1000.0,19,2,"{""description"":""some"",""duration"":40}"
798,1700656546,5000.0,19,2,"{""description"":""some"",""duration"":40}"
799,1700736068,1500.0,19,2,"{""description"":""some"",""duration"":40}"
800,1700739329,1500.0,19,2,"{""description"":""some"",""duration"":40}"
801,1700739341,300.0,19,2,"{""description"":""some"",""duration"":40}"
802,1700902222,1000.0,19,2,"{""description"":""some"",""duration"":40}"
803,1700902246,1000.0,19,2,"{""description"":""some"",""duration"":40}"
804,1700902259,500.0,19,2,"{""description"":""some"",""duration"":40}"
805,1700902272,4000.0,19,2,"{""description"":""some"",""duration"":40}"
806,1700926026,1500.0,19,2,"{""description"":""some"",""duration"":40}"
807,1701097123,1000.0,19,2,"{""description"":""some"",""duration"":40}"
808,1701097139,2400.0,19,2,"{""description"":""some"",""duration"":40}"
809,1701097153,800.0,19,2,"{""description"":""some"",""duration"":40}"
810,1701245408,1000.0,19,2,"{""description"":""some"",""duration"":40}"
811,1701245421,2000.0,19,2,"{""description"":""some"",""duration"":40}"
812,1701251764,1000.0,19,2,"{""description"":""some"",""duration"":40}"
813,1701265932,7500.0,19,2,"{""description"":""some"",""duration"":40}"
814,1701418989,1000.0,19,2,"{""description"":""some"",""duration"":40}"
815,1701419000,300.0,19,2,"{""description"":""some"",""duration"":40}"
816,1701419014,1000.0,19,2,"{""description"":""some"",""duration"":40}"
817,1701419035,600.0,19,2,"{""description"":""some"",""duration"":40}"
818,1701419048,400.0,19,2,"{""description"":""some"",""duration"":40}"
819,1701419068,1000.0,19,2,"{""description"":""some"",""duration"":40}"
820,1701703329,2000.0,19,2,"{""description"":""some"",""duration"":40}"
821,1701703340,500.0,19,2,"{""description"":""some"",""duration"":40}"
822,1701770749,1500.0,19,2,"{""description"":""some"",""duration"":40}"
823,1701859469,1000.0,19,2,"{""description"":""some"",""duration"":40}"
824,1701947352,2600.0,19,2,"{""description"":""some"",""duration"":40}"
825,1701947366,1500.0,19,2,"{""description"":""some"",""duration"":40}"
826,1701950073,1500.0,19,2,"{""description"":""some"",""duration"":40}"
827,1701953358,1500.0,19,2,"{""description"":""some"",""duration"":40}"
828,1701953673,500.0,19,2,"{""description"":""some"",""duration"":40}"
829,1702024426,1000.0,19,2,"{""description"":""some"",""duration"":40}"
830,1702024439,2000.0,19,2,"{""description"":""some"",""duration"":40}"
831,1702026136,3500.0,19,2,"{""description"":""some"",""duration"":40}"
832,1702298711,1000.0,19,2,"{""description"":""some"",""duration"":40}"
833,1702298734,1000.0,19,2,"{""description"":""some"",""duration"":40}"
834,1702298739,300.0,19,2,"{""description"":""some"",""duration"":40}"
835,1702298744,400.0,19,2,"{""description"":""some"",""duration"":40}"
836,1702453750,6000.0,19,2,"{""description"":""some"",""duration"":40}"
837,1702466139,2000.0,19,2,"{""description"":""some"",""duration"":40}"
838,1702466153,2000.0,19,2,"{""description"":""some"",""duration"":40}"
839,1702636904,2000.0,19,2,"{""description"":""some"",""duration"":40}"
840,1702636912,1000.0,19,2,"{""description"":""some"",""duration"":40}"
841,1702636920,1000.0,19,2,"{""description"":""some"",""duration"":40}"
842,1702639560,1000.0,19,2,"{""description"":""some"",""duration"":40}"
843,1702888560,800.0,19,2,"{""description"":""some"",""duration"":40}"
844,1702888571,2000.0,19,2,"{""description"":""some"",""duration"":40}"
845,1702888578,1000.0,19,2,"{""description"":""some"",""duration"":40}"
846,1702982449,1500.0,19,2,"{""description"":""some"",""duration"":40}"
847,1702982460,500.0,19,2,"{""description"":""some"",""duration"":40}"
848,1702982476,1500.0,19,2,"{""description"":""some"",""duration"":40}"
849,1702982489,500.0,19,2,"{""description"":""some"",""duration"":40}"
850,1703071032,700.0,19,2,"{""description"":""some"",""duration"":40}"
851,1703071040,1000.0,19,2,"{""description"":""some"",""duration"":40}"
852,1703071050,1000.0,19,2,"{""description"":""some"",""duration"":40}"
853,1703071058,700.0,19,2,"{""description"":""some"",""duration"":40}"
854,1703071071,2450.0,19,2,"{""description"":""some"",""duration"":40}"
855,1703071087,1000.0,19,2,"{""description"":""some"",""duration"":40}"
856,1703071094,300.0,19,2,"{""description"":""some"",""duration"":40}"
857,1703071104,1000.0,19,2,"{""description"":""some"",""duration"":40}"
858,1703083455,1000.0,19,2,"{""description"":""some"",""duration"":40}"
859,1703083467,2500.0,19,2,"{""description"":""some"",""duration"":40}"
860,1703083475,1000.0,19,2,"{""description"":""some"",""duration"":40}"
861,1703083500,1000.0,19,2,"{""description"":""some"",""duration"":40}"
862,1703083511,500.0,19,2,"{""description"":""some"",""duration"":40}"
863,1703228194,2000.0,19,2,"{""description"":""some"",""duration"":40}"
864,1703228200,1000.0,19,2,"{""description"":""some"",""duration"":40}"
865,1703228220,200.0,19,2,"{""description"":""some"",""duration"":40}"
866,1703232931,1000.0,19,2,"{""description"":""some"",""duration"":40}"
867,1703232948,500.0,19,2,"{""description"":""some"",""duration"":40}"
868,1703241826,3500.0,19,2,"{""description"":""some"",""duration"":40}"
869,1703254522,1000.0,19,2,"{""description"":""some"",""duration"":40}"
870,1703254531,700.0,19,2,"{""description"":""some"",""duration"":40}"
871,1703254540,1200.0,19,2,"{""description"":""some"",""duration"":40}"
872,1703254551,2000.0,19,2,"{""description"":""some"",""duration"":40}"
873,1703254579,1000.0,19,2,"{""description"":""some"",""duration"":40}"
874,1703254590,500.0,19,2,"{""description"":""some"",""duration"":40}"
875,1703260577,900.0,19,2,"{""description"":""some"",""duration"":40}"
876,1703260587,1000.0,19,2,"{""description"":""some"",""duration"":40}"
877,1703260647,1000.0,19,2,"{""description"":""some"",""duration"":40}"
878,1703261966,200.0,19,2,"{""description"":""some"",""duration"":40}"
879,1703261984,2000.0,19,2,"{""description"":""some"",""duration"":40}"
880,1703504838,2000.0,19,2,"{""description"":""some"",""duration"":40}"
881,1703504841,1000.0,19,2,"{""description"":""some"",""duration"":40}"
882,1703504845,500.0,19,2,"{""description"":""some"",""duration"":40}"
883,1703507231,1000.0,19,2,"{""description"":""some"",""duration"":40}"
884,1703507239,1000.0,19,2,"{""description"":""some"",""duration"":40}"
885,1703511169,2000.0,19,2,"{""description"":""some"",""duration"":40}"
886,1703516553,1000.0,19,2,"{""description"":""some"",""duration"":40}"
887,1703516560,1000.0,19,2,"{""description"":""some"",""duration"":40}"
888,1703586431,2600.0,19,2,"{""description"":""some"",""duration"":40}"
889,1703586441,1500.0,19,2,"{""description"":""some"",""duration"":40}"
890,1703589397,1500.0,19,2,"{""description"":""some"",""duration"":40}"
891,1703589405,300.0,19,2,"{""description"":""some"",""duration"":40}"
892,1703669545,1000.0,19,2,"{""description"":""some"",""duration"":40}"
893,1703669555,500.0,19,2,"{""description"":""some"",""duration"":40}"
894,1703669564,1000.0,19,2,"{""description"":""some"",""duration"":40}"
895,1703669578,700.0,19,2,"{""description"":""some"",""duration"":40}"
896,1703669586,1000.0,19,2,"{""description"":""some"",""duration"":40}"
897,1703675009,2500.0,19,2,"{""description"":""some"",""duration"":40}"
898,1703680550,1000.0,19,2,"{""description"":""some"",""duration"":40}"
899,1703680561,500.0,19,2,"{""description"":""some"",""duration"":40}"
900,1703690736,1000.0,19,2,"{""description"":""some"",""duration"":40}"
901,1703690757,400.0,19,2,"{""description"":""some"",""duration"":40}"
902,1703690851,800.0,19,2,"{""description"":""some"",""duration"":40}"
903,1703690862,1000.0,19,2,"{""description"":""some"",""duration"":40}"
904,1703690880,500.0,19,2,"{""description"":""some"",""duration"":40}"
905,1703753876,2600.0,19,2,"{""description"":""some"",""duration"":40}"
906,1703753921,2400.0,19,2,"{""description"":""some"",""duration"":40}"
907,1703846567,2000.0,19,2,"{""description"":""some"",""duration"":40}"
908,1703846578,1000.0,19,2,"{""description"":""some"",""duration"":40}"
909,1703851354,2300.0,19,2,"{""description"":""some"",""duration"":40}"
910,1703851372,1000.0,19,2,"{""description"":""some"",""duration"":40}"
911,1703851386,1000.0,19,2,"{""description"":""some"",""duration"":40}"
912,1703851405,1000.0,19,2,"{""description"":""some"",""duration"":40}"
913,1703855103,1000.0,19,2,"{""description"":""some"",""duration"":40}"
914,1703855130,600.0,19,2,"{""description"":""some"",""duration"":40}"
915,1703858287,1000.0,19,2,"{""description"":""some"",""duration"":40}"
916,1703858297,300.0,19,2,"{""description"":""some"",""duration"":40}"
917,1704475114,3500.0,19,2,"{""description"":""some"",""duration"":40}"
918,1704946608,1000.0,19,2,"{""description"":""some"",""duration"":40}"
919,1704946615,1000.0,19,2,"{""description"":""some"",""duration"":40}"
920,1704946637,1000.0,19,2,"{""description"":""some"",""duration"":40}"
921,1705308258,2000.0,19,2,"{""description"":""some"",""duration"":40}"
922,1705308266,1000.0,19,2,"{""description"":""some"",""duration"":40}"
923,1705308277,500.0,19,2,"{""description"":""some"",""duration"":40}"
924,1705308284,1200.0,19,2,"{""description"":""some"",""duration"":40}"
925,1705340107,1200.0,19,2,"{""description"":""some"",""duration"":40}"
926,1705340119,300.0,19,2,"{""description"":""some"",""duration"":40}"
927,1705498948,3500.0,19,2,"{""description"":""some"",""duration"":40}"
928,1705498961,1000.0,19,2,"{""description"":""some"",""duration"":40}"
929,1705498970,300.0,19,2,"{""description"":""some"",""duration"":40}"
930,1705498977,700.0,19,2,"{""description"":""some"",""duration"":40}"
931,1705498986,1000.0,19,2,"{""description"":""some"",""duration"":40}"
932,1705499003,500.0,19,2,"{""description"":""some"",""duration"":40}"
933,1705521011,2400.0,19,2,"{""description"":""some"",""duration"":40}"
934,1705659907,1000.0,19,2,"{""description"":""some"",""duration"":40}"
935,1705672044,1000.0,19,2,"{""description"":""some"",""duration"":40}"
936,1705672058,1000.0,19,2,"{""description"":""some"",""duration"":40}"
937,1705685251,1000.0,19,2,"{""description"":""some"",""duration"":40}"
938,1706009980,2600.0,19,2,"{""description"":""some"",""duration"":40}"
939,1706009992,1500.0,19,2,"{""description"":""some"",""duration"":40}"
940,1706010004,1500.0,19,2,"{""description"":""some"",""duration"":40}"
941,1706010025,300.0,19,2,"{""description"":""some"",""duration"":40}"
942,1706091955,600.0,19,2,"{""description"":""some"",""duration"":40}"
943,1706091964,500.0,19,2,"{""description"":""some"",""duration"":40}"
944,1706091978,1000.0,19,2,"{""description"":""some"",""duration"":40}"
945,1706091991,500.0,19,2,"{""description"":""some"",""duration"":40}"
946,1706122818,700.0,19,2,"{""description"":""some"",""duration"":40}"
947,1706122826,700.0,19,2,"{""description"":""some"",""duration"":40}"
948,1706122840,1000.0,19,2,"{""description"":""some"",""duration"":40}"
949,1706122864,300.0,19,2,"{""description"":""some"",""duration"":40}"
950,1706122884,2600.0,19,2,"{""description"":""some"",""duration"":40}"
951,1706122904,2000.0,19,2,"{""description"":""some"",""duration"":40}"
952,1706122915,500.0,19,2,"{""description"":""some"",""duration"":40}"
953,1706122926,800.0,19,2,"{""description"":""some"",""duration"":40}"
954,1706288328,1000.0,19,2,"{""description"":""some"",""duration"":40}"
955,1706288335,500.0,19,2,"{""description"":""some"",""duration"":40}"
956,1706288342,1000.0,19,2,"{""description"":""some"",""duration"":40}"
957,1706288349,300.0,19,2,"{""description"":""some"",""duration"":40}"
958,1706288358,1500.0,19,2,"{""description"":""some"",""duration"":40}"
959,1706288367,1000.0,19,2,"{""description"":""some"",""duration"":40}"
960,1706288375,800.0,19,2,"{""description"":""some"",""duration"":40}"
961,1706288389,4000.0,19,2,"{""description"":""some"",""duration"":40}"
962,1706688568,2400.0,19,2,"{""description"":""some"",""duration"":40}"
963,1706688585,1000.0,19,2,"{""description"":""some"",""duration"":40}"
964,1706688593,4000.0,19,2,"{""description"":""some"",""duration"":40}"
965,1706693372,2000.0,19,2,"{""description"":""some"",""duration"":40}"
966,1706695183,1000.0,19,2,"{""description"":""some"",""duration"":40}"
967,1706696643,1300.0,19,2,"{""description"":""some"",""duration"":40}"
968,1706699548,1300.0,19,2,"{""description"":""some"",""duration"":40}"
969,1706701507,700.0,19,2,"{""description"":""some"",""duration"":40}"
970,1706705449,1500.0,19,2,"{""description"":""some"",""duration"":40}"
971,1706717659,1000.0,19,2,"{""description"":""some"",""duration"":40}"
972,1706870733,1300.0,19,2,"{""description"":""some"",""duration"":40}"
973,1706870744,1300.0,19,2,"{""description"":""some"",""duration"":40}"
974,1706870753,2400.0,19,2,"{""description"":""some"",""duration"":40}"
975,1706870762,1100.0,19,2,"{""description"":""some"",""duration"":40}"
976,1706878834,2000.0,19,2,"{""description"":""some"",""duration"":40}"
977,1708108933,1000.0,19,2,"{""description"":""some"",""duration"":40}"
978,1708108941,2000.0,19,2,"{""description"":""some"",""duration"":40}"
979,1708108945,1000.0,19,2,"{""description"":""some"",""duration"":40}"
980,1708108949,500.0,19,2,"{""description"":""some"",""duration"":40}"
981,1708108953,2400.0,19,2,"{""description"":""some"",""duration"":40}"
982,1708108956,1300.0,19,2,"{""description"":""some"",""duration"":40}"
983,1708108960,1000.0,19,2,"{""description"":""some"",""duration"":40}"
984,1708108963,1300.0,19,2,"{""description"":""some"",""duration"":40}"
985,1708108966,1000.0,19,2,"{""description"":""some"",""duration"":40}"
986,1708348230,1300.0,19,2,"{""description"":""some"",""duration"":40}"
987,1708348240,900.0,19,2,"{""description"":""some"",""duration"":40}"
988,1708348254,900.0,19,2,"{""description"":""some"",""duration"":40}"
989,1708348264,1300.0,19,2,"{""description"":""some"",""duration"":40}"
990,1708429295,1000.0,19,2,"{""description"":""some"",""duration"":40}"
991,1708429306,1300.0,19,2,"{""description"":""some"",""duration"":40}"
992,1708429318,500.0,19,2,"{""description"":""some"",""duration"":40}"
993,1708429327,1500.0,19,2,"{""description"":""some"",""duration"":40}"
994,1708429337,300.0,19,2,"{""description"":""some"",""duration"":40}"
995,1708438299,1500.0,19,2,"{""description"":""some"",""duration"":40}"
996,1708524076,1300.0,19,2,"{""description"":""some"",""duration"":40}"
997,1708524086,900.0,19,2,"{""description"":""some"",""duration"":40}"
998,1708524105,1300.0,19,2,"{""description"":""some"",""duration"":40}"
999,1708524114,300.0,19,2,"{""description"":""some"",""duration"":40}"
1000,1708524124,900.0,19,2,"{""description"":""some"",""duration"":40}"
1001,1708524133,300.0,19,2,"{""description"":""some"",""duration"":40}"
1002,1708527667,1300.0,19,2,"{""description"":""some"",""duration"":40}"
1003,1708937921,1000.0,19,2,"{""description"":""some"",""duration"":40}"
1005,1708937946,1300.0,19,2,"{""description"":""some"",""duration"":40}"
1006,1708938010,500.0,19,2,"{""description"":""some"",""duration"":40}"
1007,1708956931,1300.0,19,2,"{""description"":""some"",""duration"":40}"
1008,1708956938,1300.0,19,2,"{""description"":""some"",""duration"":40}"
1009,1709114657,1300.0,19,2,"{""description"":""some"",""duration"":40}"
1010,1709114675,500.0,19,2,"{""description"":""some"",""duration"":40}"
1011,1709114706,900.0,19,2,"{""description"":""some"",""duration"":40}"
1012,1709114718,1300.0,19,2,"{""description"":""some"",""duration"":40}"
1013,1709287407,1000.0,19,2,"{""description"":""some"",""duration"":40}"
1014,1709287419,1300.0,19,2,"{""description"":""some"",""duration"":40}"
1015,1709287440,300.0,19,2,"{""description"":""some"",""duration"":40}"
1016,1709287454,2400.0,19,2,"{""description"":""some"",""duration"":40}"
1017,1709292049,1000.0,19,2,"{""description"":""some"",""duration"":40}"
1018,1709295355,1000.0,19,2,"{""description"":""some"",""duration"":40}"
1019,1709450798,5000.0,19,2,"{""description"":""some"",""duration"":40}"
1020,1709538152,1300.0,19,2,"{""description"":""some"",""duration"":40}"
1021,1709542187,1300.0,19,2,"{""description"":""some"",""duration"":40}"
1022,1709542200,100.0,19,2,"{""description"":""some"",""duration"":40}"
1023,1709550792,2000.0,19,2,"{""description"":""some"",""duration"":40}"
1024,1709732984,1300.0,19,2,"{""description"":""some"",""duration"":40}"
1025,1709732996,2600.0,19,2,"{""description"":""some"",""duration"":40}"
1026,1709733004,1300.0,19,2,"{""description"":""some"",""duration"":40}"
1027,1709733014,1300.0,19,2,"{""description"":""some"",""duration"":40}"
1028,1709733025,500.0,19,2,"{""description"":""some"",""duration"":40}"
1029,1709822257,3000.0,19,2,"{""description"":""some"",""duration"":40}"
1030,1710347707,1000.0,19,2,"{""description"":""some"",""duration"":40}"
1031,1710347725,1300.0,19,2,"{""description"":""some"",""duration"":40}"
1032,1710347733,1300.0,19,2,"{""description"":""some"",""duration"":40}"
1033,1710347741,300.0,19,2,"{""description"":""some"",""duration"":40}"
1034,1710347748,900.0,19,2,"{""description"":""some"",""duration"":40}"
1035,1710347776,300.0,19,2,"{""description"":""some"",""duration"":40}"
1036,1710492247,1300.0,19,2,"{""description"":""some"",""duration"":40}"
1037,1710499630,20000.0,19,2,"{""description"":""some"",""duration"":40}"
1038,1710754282,900.0,19,2,"{""description"":""some"",""duration"":40}"
1039,1710757850,600.0,19,2,"{""description"":""some"",""duration"":40}"
1040,1710757859,2000.0,19,2,"{""description"":""some"",""duration"":40}"
1041,1710775397,1300.0,19,2,"{""description"":""some"",""duration"":40}"
1042,1710775427,1300.0,19,2,"{""description"":""some"",""duration"":40}"
1043,1710930870,2000.0,19,2,"{""description"":""some"",""duration"":40}"
1044,1710930882,1000.0,19,2,"{""description"":""some"",""duration"":40}"
1045,1710938249,900.0,19,2,"{""description"":""some"",""duration"":40}"
1046,1710938315,1300.0,19,2,"{""description"":""some"",""duration"":40}"
1047,1710938333,700.0,19,2,"{""description"":""some"",""duration"":40}"
1048,1710944451,1300.0,19,2,"{""description"":""some"",""duration"":40}"
1049,1711010996,2000.0,19,2,"{""description"":""some"",""duration"":40}"
1050,1711011005,1000.0,19,2,"{""description"":""some"",""duration"":40}"
1051,1711014391,1500.0,19,2,"{""description"":""some"",""duration"":40}"
1052,1711014402,300.0,19,2,"{""description"":""some"",""duration"":40}"
1053,1711094574,2400.0,19,2,"{""description"":""some"",""duration"":40}"
1054,1711094585,1100.0,19,2,"{""description"":""some"",""duration"":40}"
1055,1711096245,900.0,19,2,"{""description"":""some"",""duration"":40}"
1056,1711096260,300.0,19,2,"{""description"":""some"",""duration"":40}"
1057,1711177704,7000.0,19,2,"{""description"":""some"",""duration"":40}"
1058,1711185522,2600.0,19,2,"{""description"":""some"",""duration"":40}"
1059,1711185534,600.0,19,2,"{""description"":""some"",""duration"":40}"
1060,1711375163,1300.0,19,2,"{""description"":""some"",""duration"":40}"
1061,1711375189,500.0,19,2,"{""description"":""some"",""duration"":40}"
1062,1711375224,2400.0,19,2,"{""description"":""some"",""duration"":40}"
1063,1711375239,1500.0,19,2,"{""description"":""some"",""duration"":40}"
